file,sequence_id,participant_id,phrase,frames,coverage
seq_1817216847.parquet,1817216847,93,271097 bayshore boulevard,453,0.819
seq_1817631401.parquet,1817631401,169,1600 fire water,91,0.681
seq_1819517369.parquet,1819517369,24,+20-4703-88149,133,1.0
seq_1819539423.parquet,1819539423,141,fysiotherapiedewaard.nl/585685,312,0.811
seq_1820470531.parquet,1820470531,169,hinata4753/udaurajaya,176,0.96
seq_1822709654.parquet,1822709654,141,+245-67-36-755,131,0.87
seq_1823491509.parquet,1823491509,15,818-534-0702,193,1.0
seq_1824112545.parquet,1824112545,24,607-290-9284,117,0.846
seq_1825130335.parquet,1825130335,24,522-522-1486,101,0.723
seq_1827299597.parquet,1827299597,168,https://www.e-karma.pl,224,0.486
seq_1828504585.parquet,1828504585,169,2245 winston hill,105,0.581
seq_1829088775.parquet,1829088775,25,grillmasterjaychero/,111,0.441
seq_1829815218.parquet,1829815218,141,+371-037-5403-892-3289,223,0.587
seq_1831433424.parquet,1831433424,141,billie herring,130,0.946
seq_1831722431.parquet,1831722431,93,3537 sea fossil,201,0.97
seq_1832444742.parquet,1832444742,25,109-580-5359,102,1.0
seq_1834394133.parquet,1834394133,169,sherri mcdowell,73,0.795
seq_1836579390.parquet,1836579390,141,785-054-2693,104,0.913
seq_1836967907.parquet,1836967907,93,darryl andrews,172,1.0
seq_1838047359.parquet,1838047359,27,186-367-2225,161,0.901
seq_1839217133.parquet,1839217133,141,tumby-detskie/botanaskiro,235,0.566
seq_1839665693.parquet,1839665693,93,www.barbazan-debat.fr,231,0.965
seq_1840140456.parquet,1840140456,93,4008 shell lane ave,311,0.83
seq_1842077691.parquet,1842077691,141,sasha quinn,117,1.0
seq_1843225594.parquet,1843225594,141,+500-47-6929-729-849,242,0.851
seq_1844396186.parquet,1844396186,24,malee1216/8-ball-pool/weyer,95,0.126
seq_1844873147.parquet,1844873147,15,/ghazvin/zellenmusic/decade/,234,0.863
seq_1844895292.parquet,1844895292,24,quentin santana,72,1.0
seq_1845806194.parquet,1845806194,168,radiobuy.ru/francouzsky_cesky,294,0.245
seq_1847166501.parquet,1847166501,169,8890 private road 3720,120,0.758
